Date,Open,High,Low,Close,Volume
2023-10-18,1874.07,1888.77,1856.54,1865.45,123749
2023-10-19,1865.57,1868.91,1861.66,1866.61,308375
2023-10-20,1864.74,1882.27,1840.81,1845.84,304791
2023-10-23,1848.05,1862.40,1835.04,1839.26,151270
2023-10-24,1839.20,1859.74,1838.55,1844.17,143978
2023-10-25,1842.11,1846.20,1829.48,1829.90,108807
2023-10-26,1831.97,1839.81,1804.16,1818.06,313781
2023-10-27,1818.76,1831.86,1800.60,1806.94,304466
2023-10-30,1807.74,1818.09,1789.33,1791.64,277939
2023-10-31,1795.35,1805.54,1778.59,1789.38,149634
2023-11-01,1789.06,1798.83,1767.52,1773.49,282196
2023-11-02,1774.45,1790.86,1750.36,1764.10,284326
2023-11-03,1760.63,1773.29,1745.04,1755.64,108691
2023-11-06,1759.07,1772.87,1725.68,1739.83,590363
2023-11-07,1741.69,1755.66,1734.45,1749.44,184230
2023-11-08,1746.07,1753.92,1723.88,1729.93,219573
2023-11-09,1730.11,1736.50,1713.96,1726.33,279367
2023-11-10,1727.55,1729.83,1700.87,1714.20,190245
2023-11-13,1717.06,1730.15,1698.80,1700.12,155652
2023-11-14,1703.01,1714.04,1694.28,1705.95,295806
2023-11-15,1702.32,1708.50,1684.54,1697.19,68478
2023-11-16,1698.39,1710.70,1684.03,1692.22,60055
2023-11-17,1691.27,1700.60,1682.41,1693.54,300787
2023-11-20,1695.82,1708.48,1693.51,1702.75,288332
2023-11-21,1703.51,1710.01,1678.42,1692.58,169807
2023-11-22,1690.64,1702.97,1661.19,1677.06,239477
2023-11-23,1675.39,1690.17,1667.66,1676.39,312381
2023-11-24,1676.42,1695.25,1660.93,1694.27,292473
2023-11-27,1693.78,1701.96,1680.48,1700.05,159122
2023-11-28,1701.75,1728.30,1690.01,1716.01,120818
2023-11-29,1718.41,1733.37,1703.41,1710.08,84417
2023-11-30,1711.29,1718.12,1694.09,1705.69,111725
2023-12-01,1704.75,1715.45,1700.70,1706.11,232382
2023-12-04,1702.45,1727.12,1697.38,1721.80,135742
2023-12-05,1721.58,1732.53,1705.53,1706.20,67280
2023-12-06,1707.16,1724.67,1692.16,1709.73,510517
2023-12-07,1708.81,1731.84,1707.59,1722.77,215001
2023-12-08,1721.55,1735.07,1715.41,1733.83,83817
2023-12-11,1733.91,1759.60,1725.21,1746.21,75298
2023-12-12,1746.01,1776.10,1741.61,1762.09,283375
2023-12-13,1764.13,1766.95,1748.18,1763.61,168352
2023-12-14,1761.06,1773.00,1739.57,1750.39,295982
2023-12-15,1749.69,1772.14,1740.46,1762.70,108880
2023-12-18,1765.24,1780.25,1757.48,1773.14,161043
2023-12-19,1775.30,1775.40,1764.99,1771.78,284928
2023-12-20,1775.19,1788.65,1765.48,1766.12,255031
2023-12-21,1766.94,1774.37,1739.69,1753.39,299562
2023-12-22,1750.95,1754.99,1740.93,1754.19,143024
2023-12-25,1754.93,1758.67,1751.41,1757.75,288250
2023-12-26,1757.79,1766.79,1748.09,1750.04,289715
2023-12-27,1753.63,1758.45,1732.58,1742.62,170737
2023-12-28,1746.28,1770.40,1744.40,1765.34,111589
2023-12-29,1768.73,1783.76,1750.03,1755.60,303345
2024-01-01,1755.05,1764.31,1732.11,1736.59,83178
2024-01-02,1737.19,1743.87,1731.35,1740.15,317519
2024-01-03,1743.05,1754.77,1717.24,1732.50,160160
2024-01-04,1734.48,1760.45,1728.85,1753.85,207432
2024-01-05,1754.79,1767.13,1749.91,1757.71,206713
2024-01-08,1758.79,1781.72,1744.53,1769.55,88163
2024-01-09,1769.32,1786.20,1741.17,1751.82,309288
2024-01-10,1753.96,1766.10,1753.40,1758.29,276553
2024-01-11,1758.16,1785.19,1755.05,1777.15,156855
2024-01-12,1780.18,1787.67,1769.29,1782.34,249334
2024-01-15,1779.98,1784.68,1763.72,1770.67,212925
2024-01-16,1766.82,1775.62,1736.08,1752.51,228871
2024-01-17,1751.78,1775.13,1735.55,1762.82,213355
2024-01-18,1765.32,1777.14,1733.79,1748.72,243707
2024-01-19,1745.51,1762.57,1731.66,1742.87,113339
2024-01-22,1742.40,1757.27,1725.41,1750.89,80637
2024-01-23,1750.16,1755.60,1737.14,1745.81,202209
2024-01-24,1745.99,1760.06,1728.88,1738.67,318798
2024-01-25,1735.42,1744.72,1719.00,1720.44,165965
2024-01-26,1718.59,1750.61,1712.84,1736.32,85233
2024-01-29,1734.35,1734.40,1729.54,1732.03,193937
2024-01-30,1735.04,1759.38,1733.25,1748.23,237833
2024-01-31,1751.99,1771.51,1741.67,1758.40,281307
2024-02-01,1755.95,1764.00,1733.17,1742.95,169376
2024-02-02,1741.36,1751.56,1725.71,1728.18,63151
2024-02-05,1728.73,1734.95,1710.11,1722.75,129709
2024-02-06,1726.18,1730.38,1717.83,1723.65,83214
2024-02-07,1725.95,1744.08,1717.15,1730.15,60911
2024-02-08,1730.73,1743.69,1714.10,1726.78,311457
2024-02-09,1723.53,1735.09,1711.41,1732.47,211812
2024-02-12,1733.36,1751.05,1724.86,1735.35,148682
2024-02-13,1736.88,1767.27,1729.41,1752.50,246372
2024-02-14,1755.11,1758.11,1738.37,1738.41,209211
2024-02-15,1741.79,1744.07,1733.28,1737.86,293445
2024-02-16,1739.05,1755.11,1737.00,1740.81,299847
2024-02-19,1743.16,1753.91,1729.69,1749.27,71647
2024-02-20,1752.80,1765.82,1731.45,1734.75,106876
2024-02-21,1734.63,1762.94,1733.30,1746.05,88482
2024-02-22,1744.65,1762.35,1732.54,1760.59,302841
2024-02-23,1757.32,1773.50,1755.15,1772.77,305481
2024-02-26,1774.98,1776.73,1773.81,1775.44,319309
2024-02-27,1773.74,1781.47,1745.85,1761.31,245090
2024-02-28,1764.70,1778.98,1748.19,1752.62,301613
2024-02-29,1752.79,1759.54,1735.36,1740.88,313282
2024-03-01,1744.23,1755.22,1743.41,1747.50,205470
2024-03-04,1743.80,1757.55,1722.80,1728.36,124955
2024-03-05,1727.91,1730.94,1717.40,1718.11,137979
2024-03-06,1720.57,1725.76,1700.66,1704.44,294758
2024-03-07,1703.04,1722.32,1696.61,1708.97,88798
2024-03-08,1709.89,1717.71,1692.02,1696.13,299441
2024-03-11,1695.94,1713.20,1690.97,1697.66,227504
2024-03-12,1698.61,1711.59,1677.26,1682.72,154424
2024-03-13,1685.39,1694.83,1677.24,1691.89,298842
2024-03-14,1693.10,1697.20,1670.45,1682.33,319898
2024-03-15,1680.80,1696.15,1673.26,1675.25,219287
2024-03-18,1671.83,1685.28,1657.60,1661.73,191690
2024-03-19,1664.38,1674.80,1652.47,1653.83,224227
2024-03-20,1656.96,1657.94,1637.65,1647.90,295424
2024-03-21,1645.00,1663.89,1639.60,1657.40,173108
2024-03-22,1654.50,1665.15,1647.30,1651.00,295830
2024-03-25,1649.61,1651.04,1633.15,1639.21,295764
2024-03-26,1641.96,1648.62,1633.70,1634.71,155183
2024-03-27,1635.80,1658.29,1633.61,1654.15,256538
2024-03-28,1652.12,1659.34,1638.51,1638.99,149352
2024-03-29,1637.55,1647.56,1629.32,1644.24,197019
2024-04-01,1641.06,1651.34,1612.44,1623.99,290543
2024-04-02,1621.65,1645.62,1618.60,1633.69,248107
2024-04-03,1633.62,1638.73,1608.61,1616.46,139889
2024-04-04,1617.13,1633.49,1616.06,1631.40,61110
2024-04-05,1633.67,1643.01,1606.60,1617.98,215570
2024-04-08,1620.33,1633.90,1611.64,1617.98,208826
2024-04-09,1615.90,1619.04,1602.94,1616.17,131615
2024-04-10,1617.68,1624.41,1606.01,1606.02,244979
2024-04-11,1603.29,1626.12,1590.69,1618.14,266704
2024-04-12,1616.72,1617.67,1614.97,1617.51,151153
2024-04-15,1618.52,1622.47,1595.10,1603.64,268541
2024-04-16,1604.53,1609.89,1594.60,1601.40,161292
2024-04-17,1601.31,1621.02,1598.79,1609.58,211766
2024-04-18,1611.55,1618.01,1606.50,1609.24,207525
2024-04-19,1608.23,1625.84,1601.06,1620.04,317373
2024-04-22,1617.35,1629.42,1613.81,1613.87,180431
2024-04-23,1615.34,1641.10,1611.08,1627.82,222690
2024-04-24,1629.80,1644.73,1622.17,1635.07,309094
2024-04-25,1635.20,1636.87,1617.11,1622.91,174833
2024-04-26,1619.43,1632.07,1601.45,1610.34,125548
2024-04-29,1610.40,1623.96,1599.74,1605.01,124367
2024-04-30,1604.19,1623.18,1595.58,1619.30,125229
2024-05-01,1619.15,1622.73,1609.83,1616.04,253590
2024-05-02,1613.31,1626.41,1585.11,1597.57,130545
2024-05-03,1598.68,1599.97,1584.30,1585.80,119038
2024-05-06,1583.19,1594.98,1555.19,1566.90,94557
2024-05-07,1567.26,1593.61,1555.57,1581.60,294556
2024-05-08,1583.61,1592.69,1578.70,1592.18,170924
2024-05-09,1595.00,1603.95,1575.59,1585.86,258235
2024-05-10,1588.65,1611.71,1582.14,1605.04,83355
2024-05-13,1602.95,1614.73,1587.24,1606.24,250166
2024-05-14,1603.54,1618.54,1587.12,1590.59,161989
2024-05-15,1593.64,1599.64,1580.88,1590.12,135028
2024-05-16,1592.04,1595.17,1566.44,1581.32,186804
2024-05-17,1579.48,1597.06,1568.47,1595.32,188301
2024-05-20,1595.37,1596.05,1582.54,1595.40,76342
2024-05-21,1597.55,1603.95,1589.20,1597.65,164216
2024-05-22,1598.79,1631.37,1585.29,1616.15,207548
2024-05-23,1613.74,1635.36,1608.67,1621.85,310572
2024-05-24,1620.41,1637.93,1613.21,1622.70,126907
2024-05-27,1619.67,1634.99,1608.07,1608.47,165869
2024-05-28,1607.79,1609.98,1593.97,1596.98,241946
2024-05-29,1596.39,1620.03,1595.18,1610.66,105942
2024-05-30,1607.16,1608.37,1583.31,1593.69,163549
2024-05-31,1596.88,1615.35,1589.67,1602.27,263110
2024-06-03,1601.76,1618.50,1590.02,1611.39,288580
2024-06-04,1608.51,1633.29,1604.85,1620.55,417625
2024-06-05,1622.26,1652.77,1617.06,1638.02,230004
2024-06-06,1638.60,1639.96,1613.16,1621.84,157581
2024-06-07,1619.72,1647.91,1614.95,1633.34,225533
2024-06-10,1633.00,1635.55,1613.54,1622.47,169231
2024-06-11,1622.42,1654.13,1612.75,1639.51,247111
2024-06-12,1639.83,1654.70,1633.82,1650.08,115983
2024-06-13,1648.17,1654.25,1623.65,1639.41,65978
2024-06-14,1640.09,1660.08,1637.38,1657.79,210680
2024-06-17,1654.23,1663.96,1652.37,1653.04,100453
2024-06-18,1651.29,1651.70,1622.51,1634.65,153331
2024-06-19,1633.36,1647.11,1620.37,1630.26,169087
2024-06-20,1633.48,1651.54,1618.66,1650.99,92658
2024-06-21,1653.12,1660.86,1650.98,1658.16,164889
2024-06-24,1661.58,1681.03,1652.14,1664.86,165495
2024-06-25,1667.85,1674.09,1655.80,1670.97,67780
2024-06-26,1667.36,1692.02,1653.17,1682.84,90507
2024-06-27,1682.10,1690.22,1666.21,1670.93,292986
2024-06-28,1668.28,1679.90,1642.51,1658.45,261546
2024-07-01,1655.21,1678.00,1649.14,1673.21,166629
2024-07-02,1673.65,1712.48,1659.13,1711.02,616399
2024-07-03,1711.87,1720.99,1689.68,1698.58,224635
2024-07-04,1695.16,1699.32,1676.77,1686.80,179686
2024-07-05,1685.22,1692.82,1671.08,1673.73,102522
2024-07-08,1670.07,1674.34,1662.64,1667.91,190482
2024-07-09,1669.24,1684.77,1644.43,1652.92,202461
2024-07-10,1652.73,1683.99,1639.21,1671.17,317109
2024-07-11,1673.14,1684.33,1669.67,1682.16,121779
2024-07-12,1681.64,1693.59,1667.96,1677.65,204852
2024-07-15,1677.07,1692.36,1673.66,1686.16,294884
2024-07-16,1685.60,1687.61,1674.75,1678.32,232045
2024-07-17,1678.47,1686.73,1664.96,1683.47,95082
2024-07-18,1681.89,1683.38,1662.79,1677.93,209100
2024-07-19,1681.33,1681.99,1672.35,1675.89,98394
2024-07-22,1674.33,1681.63,1648.16,1664.25,121048
2024-07-23,1661.97,1665.14,1647.49,1654.41,225325
2024-07-24,1656.40,1659.36,1652.19,1658.57,69573
2024-07-25,1655.74,1676.89,1640.50,1667.01,220893
2024-07-26,1670.65,1671.70,1653.63,1665.54,106371
2024-07-29,1665.77,1673.22,1642.19,1654.30,124601
2024-07-30,1654.56,1675.51,1639.04,1668.56,145615
2024-07-31,1668.88,1677.30,1654.24,1658.04,177815
2024-08-01,1660.89,1676.34,1653.16,1669.00,195991
2024-08-02,1668.49,1682.80,1643.04,1652.43,278279
2024-08-05,1656.03,1662.95,1640.43,1641.88,140523
2024-08-06,1644.59,1681.00,1638.74,1667.41,532672
2024-08-07,1670.98,1685.54,1653.43,1655.62,277941
2024-08-08,1654.93,1677.19,1653.00,1666.26,202893
2024-08-09,1664.52,1686.27,1662.90,1677.68,115457
2024-08-12,1677.87,1681.82,1665.40,1666.70,301132
2024-08-13,1664.04,1667.05,1648.50,1666.61,111920
2024-08-14,1668.93,1675.86,1654.71,1659.82,137641
2024-08-15,1659.02,1676.82,1654.96,1660.70,108291
2024-08-16,1658.63,1671.84,1652.76,1655.81,304582
2024-08-19,1658.73,1682.36,1647.48,1675.88,173400
2024-08-20,1676.16,1693.38,1666.11,1677.72,159068
2024-08-21,1677.28,1681.90,1655.02,1667.27,283185
2024-08-22,1666.09,1669.78,1655.53,1664.66,176275
2024-08-23,1667.44,1682.52,1663.49,1678.33,67048
2024-08-26,1680.68,1696.45,1674.49,1684.67,193078
2024-08-27,1686.17,1694.34,1680.24,1687.59,86295
2024-08-28,1685.03,1692.66,1674.49,1679.72,60576
2024-08-29,1677.29,1679.40,1669.30,1671.67,232462
2024-08-30,1672.07,1678.75,1649.44,1658.49,192530
2024-09-02,1655.60,1680.27,1650.63,1667.25,152745
2024-09-03,1670.01,1673.59,1663.07,1669.82,62821
2024-09-04,1669.20,1699.54,1658.03,1687.74,271426
2024-09-05,1688.24,1689.91,1664.18,1674.29,271644
2024-09-06,1676.27,1690.81,1657.76,1666.00,251946
2024-09-09,1665.65,1674.56,1657.09,1663.59,318009
2024-09-10,1662.38,1674.84,1646.93,1649.71,159986
2024-09-11,1649.91,1670.98,1639.44,1666.74,154921
2024-09-12,1667.75,1683.91,1638.14,1652.26,254388
2024-09-13,1648.78,1653.07,1644.02,1644.43,169610
2024-09-16,1645.58,1660.30,1635.74,1650.83,197574
2024-09-17,1653.00,1661.81,1631.25,1642.24,63996
2024-09-18,1638.87,1652.59,1624.60,1625.67,219798
2024-09-19,1624.17,1627.52,1601.12,1607.50,110153
2024-09-20,1607.22,1611.09,1600.10,1609.81,305324
2024-09-23,1611.21,1631.34,1599.94,1616.96,228218
2024-09-24,1617.16,1619.98,1608.50,1608.76,218280
2024-09-25,1608.64,1615.64,1591.80,1600.11,172988
2024-09-26,1600.64,1625.89,1586.74,1612.13,210074
2024-09-27,1608.94,1632.51,1603.93,1625.26,147156
2024-09-30,1622.31,1634.47,1604.45,1609.76,96510
2024-10-01,1606.42,1615.79,1592.55,1605.42,146474
2024-10-02,1603.03,1620.62,1602.09,1619.36,138561
2024-10-03,1619.44,1630.57,1602.84,1613.87,186255
2024-10-04,1614.76,1625.66,1603.28,1623.63,117156
2024-10-07,1621.74,1630.21,1611.48,1616.68,291996
2024-10-08,1614.55,1626.96,1603.50,1616.23,135010
2024-10-09,1613.64,1624.32,1605.98,1615.45,210752
2024-10-10,1617.81,1632.01,1603.11,1617.52,181592
2024-10-11,1616.76,1626.29,1608.50,1620.08,87197
2024-10-14,1622.12,1634.29,1596.00,1611.28,134938
2024-10-15,1609.10,1639.37,1594.64,1625.83,138144
2024-10-16,1623.63,1641.73,1609.62,1639.74,248402
2024-10-17,1639.84,1643.41,1617.63,1633.16,160033
2024-10-18,1635.45,1658.15,1620.76,1651.63,60279
2024-10-21,1653.25,1655.37,1648.36,1650.61,163745
2024-10-22,1649.90,1661.62,1633.66,1653.06,201430
2024-10-23,1652.27,1659.00,1632.08,1640.70,258740
2024-10-24,1641.07,1649.96,1610.40,1624.19,112371
2024-10-25,1626.61,1652.57,1622.46,1641.18,227161
2024-10-28,1644.11,1660.99,1634.01,1651.93,198694
2024-10-29,1651.82,1655.43,1627.09,1635.82,110376
2024-10-30,1634.87,1659.65,1624.08,1650.09,164909
2024-10-31,1646.71,1677.70,1637.21,1662.47,187157
2024-11-01,1663.49,1674.05,1657.38,1660.98,298411
2024-11-04,1658.35,1670.38,1648.06,1660.06,268731
2024-11-05,1663.05,1664.44,1635.34,1650.48,218996
2024-11-06,1648.26,1673.49,1639.85,1659.10,184841
2024-11-07,1659.17,1669.80,1654.81,1659.35,181608
2024-11-08,1660.30,1686.03,1647.80,1672.35,241339
2024-11-11,1675.40,1692.42,1669.08,1676.31,189056
2024-11-12,1672.93,1689.49,1660.40,1661.06,96270
2024-11-13,1662.87,1682.48,1652.83,1668.40,201461
2024-11-14,1667.53,1688.24,1661.86,1682.91,128618
2024-11-15,1683.01,1711.37,1666.68,1699.73,158723
2024-11-18,1700.76,1701.46,1682.35,1688.82,195412
2024-11-19,1685.46,1702.05,1680.30,1687.45,315357
2024-11-20,1690.48,1695.53,1667.92,1678.94,210779
2024-11-21,1680.21,1687.11,1663.66,1669.00,297676
2024-11-22,1670.42,1674.23,1648.39,1659.28,118415
2024-11-25,1656.88,1681.83,1653.44,1674.09,73172
2024-11-26,1671.49,1690.75,1657.37,1675.47,273896
2024-11-27,1677.75,1687.01,1648.43,1662.04,110462
2024-11-28,1664.99,1666.91,1648.97,1666.44,112560
2024-11-29,1666.21,1686.59,1659.25,1678.03,143031
2024-12-02,1674.85,1681.55,1668.54,1669.29,242858
2024-12-03,1666.77,1672.20,1658.72,1669.64,301312
2024-12-04,1668.36,1696.03,1662.98,1684.81,310486
2024-12-05,1683.41,1696.71,1657.44,1669.67,148723
2024-12-06,1667.75,1686.62,1660.69,1677.70,123849
2024-12-09,1678.21,1682.12,1666.89,1670.84,260920
2024-12-10,1671.38,1690.31,1659.79,1680.68,91815
2024-12-11,1680.83,1683.96,1672.74,1682.45,204559
2024-12-12,1679.92,1696.65,1679.35,1689.01,294150
2024-12-13,1688.54,1695.23,1679.31,1694.95,167974
2024-12-16,1691.86,1714.52,1676.26,1701.69,65260
2024-12-17,1704.03,1719.98,1692.27,1709.08,307938
2024-12-18,1709.77,1740.54,1702.70,1723.52,264616
2024-12-19,1721.18,1747.88,1719.32,1732.15,246572
2024-12-20,1731.23,1732.22,1721.02,1728.08,153033
2024-12-23,1731.54,1732.67,1721.75,1723.68,178600
2024-12-24,1723.05,1725.15,1701.39,1714.94,120239
2024-12-25,1712.67,1721.35,1694.07,1701.92,277064
2024-12-26,1701.39,1718.98,1684.97,1711.10,296989
2024-12-27,1708.00,1730.44,1696.91,1723.31,80714
2024-12-30,1725.46,1732.22,1722.18,1724.50,135851
2024-12-31,1726.77,1727.77,1710.88,1722.91,238045
2025-01-01,1719.16,1744.62,1712.80,1729.89,188617
2025-01-02,1732.17,1741.99,1714.28,1723.38,145332
2025-01-03,1726.54,1749.32,1714.14,1737.54,81678
2025-01-06,1736.80,1736.99,1716.90,1731.01,293106
2025-01-07,1730.69,1739.82,1714.73,1716.67,257012
2025-01-08,1713.82,1718.87,1697.55,1713.00,224235
2025-01-09,1716.39,1720.24,1702.31,1717.90,217735
2025-01-10,1717.51,1736.69,1711.30,1722.12,180685
2025-01-13,1721.08,1739.94,1720.02,1724.73,167925
2025-01-14,1723.07,1724.40,1705.85,1719.91,302449
2025-01-15,1717.20,1735.61,1710.37,1721.91,152048
2025-01-16,1723.43,1731.13,1706.18,1716.05,269357
2025-01-17,1719.05,1733.94,1718.20,1731.08,124363
2025-01-20,1733.67,1734.28,1703.40,1719.47,90257
2025-01-21,1717.51,1733.29,1704.60,1719.52,79886
2025-01-22,1717.91,1732.42,1688.47,1699.77,110616
2025-01-23,1701.20,1723.23,1695.80,1708.15,246411
2025-01-24,1709.02,1718.52,1692.53,1698.52,120231
2025-01-27,1695.64,1711.70,1677.92,1680.61,317791
2025-01-28,1681.87,1699.49,1675.86,1683.62,256497
2025-01-29,1687.12,1693.69,1675.61,1677.11,265850
2025-01-30,1677.70,1695.63,1661.95,1685.35,294001
2025-01-31,1685.88,1711.87,1673.15,1697.28,68165
2025-02-03,1695.72,1712.14,1687.87,1696.53,127839
2025-02-04,1696.59,1704.49,1681.04,1691.58,206715
2025-02-05,1688.91,1697.37,1665.47,1674.69,102654
2025-02-06,1678.23,1681.60,1675.64,1677.01,118484
2025-02-07,1675.18,1705.46,1664.60,1688.91,187850
2025-02-10,1690.31,1703.76,1670.02,1679.55,126537
2025-02-11,1678.01,1693.47,1671.69,1679.95,250513
2025-02-12,1677.78,1692.86,1649.67,1662.97,156069
2025-02-13,1665.40,1678.54,1644.33,1659.77,284338
2025-02-14,1656.19,1671.38,1642.42,1659.32,239048
2025-02-17,1658.60,1675.65,1646.95,1673.88,308250
2025-02-18,1675.20,1682.24,1661.67,1680.34,278100
2025-02-19,1682.00,1695.59,1666.71,1682.56,104346
2025-02-20,1683.86,1685.38,1673.49,1684.71,191705
2025-02-21,1686.23,1697.17,1672.58,1696.66,270079
2025-02-24,1694.48,1701.10,1671.37,1685.40,122745
2025-02-25,1685.83,1693.74,1672.58,1674.29,256873
2025-02-26,1671.65,1684.49,1671.31,1672.34,77530
2025-02-27,1673.67,1685.62,1660.29,1667.87,248608
2025-02-28,1664.55,1688.05,1659.78,1675.51,272067
2025-03-03,1671.98,1686.55,1670.39,1676.81,124354
2025-03-04,1679.57,1693.11,1646.74,1661.39,200750
2025-03-05,1660.64,1672.34,1650.16,1664.50,297539
2025-03-06,1662.34,1677.78,1652.75,1654.61,81255
2025-03-07,1654.67,1675.68,1638.65,1667.10,154544
2025-03-10,1664.74,1673.41,1663.74,1666.60,197373
2025-03-11,1665.21,1699.77,1657.40,1683.34,65594
2025-03-12,1684.87,1701.29,1676.59,1691.44,299574
2025-03-13,1692.97,1702.09,1669.43,1675.41,65820
2025-03-14,1672.63,1698.24,1667.88,1682.68,152739
2025-03-17,1679.88,1698.87,1674.65,1683.03,164260
2025-03-18,1679.93,1690.63,1676.27,1682.36,169909
2025-03-19,1684.51,1694.01,1666.58,1674.59,292101
2025-03-20,1675.58,1688.15,1672.68,1684.01,285687
2025-03-21,1682.93,1690.49,1669.35,1686.60,230817
2025-03-24,1683.90,1708.06,1673.87,1694.30,288131
2025-03-25,1691.47,1698.99,1669.09,1681.04,232583
2025-03-26,1677.63,1703.16,1661.28,1691.44,216220
2025-03-27,1690.37,1699.55,1666.43,1676.16,173891
2025-03-28,1673.97,1678.08,1655.03,1655.84,125157
2025-03-31,1654.69,1661.34,1653.86,1661.16,179420
2025-04-01,1664.18,1669.26,1658.34,1658.95,280161
2025-04-02,1657.78,1662.89,1631.89,1645.59,67894
2025-04-03,1642.48,1656.84,1622.76,1636.29,146695
2025-04-04,1635.23,1640.89,1611.82,1619.45,311786
2025-04-07,1616.98,1630.48,1614.95,1625.25,257636
2025-04-08,1626.27,1644.05,1624.37,1635.16,148058
2025-04-09,1636.98,1664.69,1632.14,1654.81,103891
2025-04-10,1652.60,1668.85,1645.10,1652.43,195261
2025-04-11,1654.27,1667.96,1636.11,1643.68,95374
2025-04-14,1643.60,1653.79,1625.25,1630.74,61818
2025-04-15,1630.91,1637.11,1616.69,1625.19,216671
2025-04-16,1623.95,1626.97,1596.70,1607.95,267469
2025-04-17,1609.14,1631.56,1604.73,1617.21,114792
2025-04-18,1618.88,1623.39,1611.94,1616.60,135273
2025-04-21,1615.07,1627.88,1604.32,1611.17,198421
2025-04-22,1613.39,1621.00,1605.68,1612.56,189850
2025-04-23,1613.99,1623.87,1610.03,1611.25,276004
2025-04-24,1611.54,1633.77,1598.65,1619.98,60827
2025-04-25,1621.79,1630.02,1611.19,1618.25,128975
2025-04-28,1620.54,1630.83,1617.33,1619.93,104819
2025-04-29,1619.26,1628.87,1615.88,1624.05,208926
2025-04-30,1623.88,1631.22,1614.77,1621.07,235481
2025-05-01,1620.50,1633.33,1611.37,1620.99,229973
2025-05-02,1622.47,1633.23,1605.49,1618.55,309220
2025-05-05,1616.33,1628.09,1604.18,1628.06,145767
2025-05-06,1627.15,1655.05,1616.00,1643.74,117021
2025-05-07,1640.85,1654.78,1639.57,1644.79,96103
2025-05-08,1643.28,1657.41,1630.12,1651.52,231240
2025-05-09,1653.30,1660.39,1637.56,1655.30,258947
2025-05-12,1657.01,1666.67,1644.90,1666.34,227677
2025-05-13,1665.51,1684.12,1665.05,1681.76,113226
2025-05-14,1684.23,1687.81,1670.12,1683.91,93167
2025-05-15,1683.97,1690.04,1663.70,1670.46,309789
2025-05-16,1672.55,1698.04,1661.97,1685.25,60135
2025-05-19,1683.40,1693.81,1654.68,1665.70,167683
2025-05-20,1665.13,1670.99,1664.07,1669.82,280884
2025-05-21,1671.27,1689.19,1668.74,1679.93,120237
2025-05-22,1682.43,1685.04,1664.42,1675.63,132446
2025-05-23,1672.56,1676.87,1656.86,1665.59,137508
2025-05-26,1665.36,1689.25,1651.87,1679.00,296455
2025-05-27,1680.58,1684.14,1658.02,1671.43,247141
2025-05-28,1672.93,1709.71,1660.36,1695.68,300861
2025-05-29,1693.11,1707.83,1688.58,1691.22,141974
2025-05-30,1691.48,1711.49,1689.96,1702.93,264989
2025-06-02,1700.55,1711.43,1679.79,1690.39,164004
2025-06-03,1691.31,1712.24,1684.76,1704.14,250189
2025-06-04,1702.54,1725.34,1699.38,1708.46,258061
2025-06-05,1710.20,1722.95,1679.91,1693.15,314257
2025-06-06,1690.93,1702.05,1682.90,1685.09,79028
2025-06-09,1684.71,1697.46,1677.49,1681.01,83965
2025-06-10,1680.04,1681.94,1664.62,1667.34,207470
2025-06-11,1663.72,1672.19,1657.30,1657.81,133725
2025-06-12,1655.65,1671.34,1639.37,1655.25,109215
2025-06-13,1651.69,1661.15,1628.94,1641.80,292885
2025-06-16,1638.85,1642.54,1611.84,1625.76,132441
2025-06-17,1628.26,1630.03,1606.73,1614.35,82937
2025-06-18,1612.20,1617.75,1601.57,1608.78,145333
2025-06-19,1606.43,1630.98,1593.13,1620.62,124569
2025-06-20,1622.17,1629.40,1608.74,1614.61,82356
2025-06-23,1617.06,1632.67,1610.70,1617.36,229867
2025-06-24,1617.75,1629.94,1606.11,1625.65,241073
2025-06-25,1622.57,1625.08,1609.22,1610.02,90979
2025-06-26,1609.71,1613.00,1591.74,1601.13,284980
2025-06-27,1603.91,1611.91,1595.59,1596.25,262063
2025-06-30,1598.51,1603.29,1579.93,1585.34,71155
2025-07-01,1584.39,1591.51,1575.25,1590.54,123223
2025-07-02,1589.06,1608.69,1575.82,1603.36,251071
2025-07-03,1604.34,1612.26,1595.41,1597.19,63001
2025-07-04,1598.60,1602.36,1597.98,1600.40,301015
2025-07-07,1597.57,1598.65,1590.83,1591.10,217163
2025-07-08,1594.00,1602.38,1574.37,1589.96,73869
2025-07-09,1589.03,1604.08,1576.16,1598.05,115509
2025-07-10,1595.92,1602.24,1583.91,1592.78,162678
2025-07-11,1596.23,1623.61,1588.42,1607.85,183552
2025-07-14,1609.54,1624.80,1593.66,1619.12,215345
2025-07-15,1618.77,1638.89,1618.09,1631.21,161453
2025-07-16,1629.88,1636.47,1619.93,1629.87,106104
2025-07-17,1627.13,1636.93,1605.76,1616.53,159100
2025-07-18,1616.15,1634.70,1611.28,1632.22,103102
2025-07-21,1634.63,1653.92,1626.96,1652.71,472630
2025-07-22,1649.08,1653.31,1634.72,1640.17,241074
2025-07-23,1639.70,1663.24,1636.69,1649.21,308641
2025-07-24,1646.31,1658.75,1639.73,1653.05,229995
2025-07-25,1650.10,1663.03,1635.93,1656.31,99774
2025-07-28,1657.07,1659.60,1639.05,1649.21,152061
2025-07-29,1650.63,1664.65,1636.09,1663.05,276375
2025-07-30,1659.64,1688.13,1653.56,1675.11,141803
2025-07-31,1674.72,1685.22,1674.15,1679.22,311361
2025-08-01,1682.16,1693.09,1679.05,1687.72,98459
2025-08-04,1691.18,1696.18,1691.18,1694.76,303617
2025-08-05,1694.70,1703.47,1687.63,1691.27,85847
2025-08-06,1689.10,1690.21,1673.96,1686.81,269449
2025-08-07,1686.40,1697.04,1664.39,1675.25,252406
2025-08-08,1676.08,1680.29,1656.59,1669.56,201015
2025-08-11,1669.97,1686.70,1654.05,1682.53,205682
2025-08-12,1685.03,1711.34,1672.17,1699.37,297324
2025-08-13,1700.85,1715.89,1691.50,1714.79,237601
2025-08-14,1711.78,1715.79,1697.18,1699.41,134604
2025-08-15,1701.16,1726.35,1697.68,1719.71,206018
2025-08-18,1717.88,1717.96,1685.17,1699.01,214163
2025-08-19,1697.71,1731.20,1693.11,1714.52,157399
2025-08-20,1712.14,1728.72,1683.54,1699.64,195244
2025-08-21,1702.71,1715.14,1701.31,1703.35,152071
2025-08-22,1703.67,1729.69,1692.89,1722.36,299919
2025-08-25,1721.01,1730.40,1703.14,1716.88,122801
2025-08-26,1715.29,1734.22,1714.82,1729.67,230430
2025-08-27,1732.17,1743.41,1718.53,1735.11,271131
2025-08-28,1736.94,1758.44,1730.30,1754.87,75448
2025-08-29,1756.68,1778.21,1756.30,1767.87,299046
2025-09-01,1764.35,1787.93,1750.09,1776.92,150217
2025-09-02,1777.38,1777.42,1764.92,1768.67,169909
2025-09-03,1769.18,1781.88,1734.57,1750.41,286089
2025-09-04,1751.29,1763.95,1750.42,1752.77,207990
2025-09-05,1751.84,1763.83,1735.22,1748.75,227121
2025-09-08,1749.33,1765.47,1737.44,1753.79,217958
2025-09-09,1754.68,1764.31,1738.54,1751.78,187149
2025-09-10,1751.89,1757.09,1729.00,1744.95,200142
2025-09-11,1741.34,1765.57,1734.19,1759.43,194626
2025-09-12,1757.10,1760.92,1741.75,1753.69,161980
2025-09-15,1750.14,1767.03,1739.31,1739.38,75914
2025-09-16,1736.24,1741.92,1723.64,1733.00,198906
2025-09-17,1733.71,1748.72,1701.68,1716.76,285868
2025-09-18,1717.67,1720.23,1702.56,1713.12,123724
2025-09-19,1709.51,1716.78,1699.63,1700.38,300620
2025-09-22,1698.00,1714.36,1684.13,1701.25,261576
2025-09-23,1700.96,1714.53,1694.09,1704.67,319893
2025-09-24,1707.47,1722.30,1690.55,1706.89,62531
2025-09-25,1703.31,1720.20,1688.19,1713.48,92923
2025-09-26,1711.26,1725.65,1698.11,1713.84,89989
2025-09-29,1712.91,1725.93,1695.71,1695.72,253098
2025-09-30,1699.22,1707.11,1670.95,1683.60,140200
2025-10-01,1686.92,1701.56,1683.20,1695.39,177992
2025-10-02,1692.92,1708.05,1683.57,1683.83,96388
2025-10-03,1683.59,1696.78,1650.40,1666.59,287616
2025-10-06,1667.70,1672.15,1666.90,1670.15,313042
2025-10-07,1667.32,1669.29,1635.15,1651.48,68927
2025-10-08,1653.28,1675.15,1646.31,1666.84,282122
2025-10-09,1666.20,1681.59,1641.91,1652.36,226861
2025-10-10,1650.33,1655.93,1620.06,1631.87,286505
2025-10-13,1631.33,1642.65,1608.63,1617.83,177584
2025-10-14,1617.21,1639.37,1601.90,1624.70,232536
2025-10-15,1621.17,1629.00,1592.08,1605.22,91756
2025-10-16,1603.17,1618.35,1599.73,1599.85,258485
2025-10-17,1597.35,1605.80,1582.44,1586.84,307474
2025-10-20,1586.66,1601.59,1570.97,1598.04,225044
2025-10-21,1598.21,1610.47,1582.15,1596.98,285559
2025-10-22,1600.32,1611.56,1589.76,1597.45,154083
2025-10-23,1594.81,1597.77,1589.19,1592.90,87949
2025-10-24,1591.28,1611.50,1581.89,1598.45,120313
2025-10-27,1600.27,1622.66,1594.78,1617.46,253012
2025-10-28,1616.24,1627.39,1602.03,1607.72,228385
2025-10-29,1608.36,1623.18,1588.53,1600.51,252092
2025-10-30,1599.97,1602.87,1598.40,1601.54,105794
2025-10-31,1598.13,1604.21,1593.74,1597.42,224872
2025-11-03,1595.74,1610.71,1595.11,1607.69,61992
2025-11-04,1608.50,1636.61,1607.25,1623.56,125180
2025-11-05,1623.46,1641.24,1610.12,1632.22,294346
2025-11-06,1634.17,1638.67,1608.43,1623.74,119590
2025-11-07,1621.74,1648.52,1606.95,1632.93,80386
2025-11-10,1633.03,1638.64,1617.70,1628.29,126582
2025-11-11,1625.01,1648.74,1620.61,1634.33,291161
2025-11-12,1631.79,1645.37,1619.30,1629.49,84724
2025-11-13,1626.50,1631.33,1624.79,1629.04,317085
2025-11-14,1630.08,1643.56,1628.98,1638.85,109277
2025-11-17,1636.13,1649.97,1621.64,1635.50,121525
2025-11-18,1636.01,1649.77,1621.30,1634.79,304348
2025-11-19,1637.53,1649.56,1625.48,1632.71,317579
2025-11-20,1632.76,1639.48,1621.06,1630.56,203370
2025-11-21,1627.37,1638.33,1602.45,1616.55,300514
2025-11-24,1617.76,1628.70,1595.35,1603.33,81888
2025-11-25,1600.86,1616.05,1590.29,1599.43,77748
2025-11-26,1595.97,1612.19,1591.94,1602.57,276038
2025-11-27,1599.57,1626.97,1595.10,1616.31,128543
2025-11-28,1614.04,1615.17,1603.16,1614.24,267448
2025-12-01,1612.33,1627.64,1593.03,1602.51,182448
2025-12-02,1599.96,1615.26,1587.64,1588.08,180396
2025-12-03,1588.30,1604.35,1577.73,1589.50,234788
2025-12-04,1590.86,1601.76,1577.53,1578.41,214412
2025-12-05,1578.57,1579.92,1559.99,1564.89,114817
2025-12-08,1565.71,1583.22,1559.68,1578.84,65653
2025-12-09,1578.37,1589.08,1552.58,1562.86,87884
2025-12-10,1564.75,1570.36,1543.72,1550.46,141084
2025-12-11,1552.77,1566.01,1527.80,1542.54,127598
2025-12-12,1539.57,1560.40,1537.49,1548.14,83751
2025-12-15,1547.44,1558.09,1524.44,1534.50,271184
2025-12-16,1531.74,1533.67,1510.84,1520.22,78942
2025-12-17,1517.67,1518.51,1505.32,1513.50,71899
2025-12-18,1515.26,1525.47,1500.00,1511.72,197169
2025-12-19,1513.56,1529.58,1503.01,1519.80,296014
2025-12-22,1518.37,1542.29,1511.23,1534.34,255325
2025-12-23,1535.17,1552.52,1525.31,1544.29,420710
2025-12-24,1543.84,1544.55,1533.70,1534.44,253009
2025-12-25,1536.09,1547.17,1528.16,1543.92,93737
2025-12-26,1543.93,1565.44,1533.68,1558.69,221468
2025-12-29,1557.91,1563.06,1555.51,1563.00,288443
2025-12-30,1566.02,1586.54,1565.44,1577.73,122700
2025-12-31,1578.77,1589.52,1571.36,1588.69,127930
2026-01-01,1585.52,1595.21,1568.33,1579.95,196252
2026-01-02,1576.96,1577.59,1574.86,1574.95,139784
2026-01-05,1574.25,1579.72,1561.61,1562.56,150187
2026-01-06,1564.12,1592.77,1562.61,1578.08,269363
2026-01-07,1581.12,1585.66,1555.01,1568.64,134936
2026-01-08,1565.80,1573.70,1556.89,1559.14,72151
2026-01-09,1556.09,1560.26,1541.07,1557.08,316621
2026-01-12,1556.86,1569.34,1548.17,1566.27,214457
2026-01-13,1563.13,1575.88,1549.43,1558.97,216188
2026-01-14,1557.96,1564.77,1542.28,1545.35,77190
2026-01-15,1544.46,1554.87,1530.77,1539.13,283094
2026-01-16,1535.96,1555.52,1530.62,1548.16,98323
2026-01-19,1551.56,1557.86,1529.93,1541.72,97429
2026-01-20,1539.27,1554.23,1534.03,1534.08,211909
2026-01-21,1531.72,1534.59,1513.25,1520.81,314872
2026-01-22,1523.15,1529.02,1500.73,1508.06,128383
2026-01-23,1510.41,1524.20,1497.81,1507.86,264474
2026-01-26,1505.53,1510.78,1484.39,1491.88,77751
2026-01-27,1493.79,1504.00,1486.77,1500.44,242501
2026-01-28,1503.33,1509.75,1499.90,1500.40,154928
2026-01-29,1501.49,1514.66,1501.45,1505.08,262170
2026-01-30,1504.16,1515.98,1493.25,1512.76,257917
2026-02-02,1511.59,1513.40,1492.20,1498.16,266203
2026-02-03,1496.36,1497.20,1472.29,1483.78,291457
2026-02-04,1484.27,1496.85,1469.61,1471.03,66326
2026-02-05,1470.46,1482.34,1461.60,1473.68,104128
2026-02-06,1471.82,1487.24,1463.41,1480.80,97640
2026-02-09,1482.47,1491.85,1468.18,1487.26,224357
2026-02-10,1487.22,1504.49,1476.48,1491.04,301077
2026-02-11,1491.37,1492.59,1478.27,1490.28,318743
2026-02-12,1489.25,1500.62,1462.43,1475.27,259249
2026-02-13,1475.96,1490.28,1465.64,1487.86,272720
2026-02-16,1490.52,1503.54,1474.80,1481.66,123538
2026-02-17,1480.18,1486.06,1468.55,1482.27,300301
2026-02-18,1480.29,1490.12,1478.87,1487.17,283786
2026-02-19,1484.96,1498.28,1479.12,1491.15,73493
2026-02-20,1491.72,1502.52,1478.60,1483.93,300747
2026-02-23,1484.42,1500.29,1483.52,1488.36,143586
2026-02-24,1490.58,1517.63,1485.99,1504.16,310766
2026-02-25,1504.25,1514.13,1502.57,1507.54,68437
2026-02-26,1506.67,1535.30,1504.05,1522.51,205029
2026-02-27,1524.13,1538.13,1523.19,1523.95,226083
2026-03-02,1524.95,1534.20,1498.66,1511.16,290182
2026-03-03,1512.99,1527.34,1496.88,1507.88,276918
2026-03-04,1505.57,1518.35,1503.67,1505.75,72440
2026-03-05,1506.73,1511.22,1491.19,1500.12,289271
2026-03-06,1498.19,1512.50,1489.41,1507.49,75251
2026-03-09,1506.47,1508.22,1493.85,1498.69,317641
2026-03-10,1501.33,1503.66,1490.86,1498.53,90113
2026-03-11,1500.38,1504.19,1495.71,1499.41,285517
2026-03-12,1500.26,1519.94,1492.19,1512.43,290650
2026-03-13,1512.02,1512.27,1507.91,1508.62,175486
2026-03-16,1508.01,1520.29,1504.80,1516.00,317029
2026-03-17,1514.56,1524.80,1503.24,1511.87,231753
2026-03-18,1514.21,1528.33,1505.23,1505.25,304071
2026-03-19,1505.94,1517.17,1491.48,1498.96,199521
2026-03-20,1498.92,1510.62,1498.44,1509.28,211787
2026-03-23,1508.64,1509.78,1504.58,1506.68,282297
2026-03-24,1505.80,1520.46,1492.63,1502.19,262845
2026-03-25,1501.51,1515.81,1482.27,1492.05,107590
2026-03-26,1494.01,1504.81,1475.28,1485.31,283230
2026-03-27,1484.39,1495.03,1476.87,1494.78,122788
2026-03-30,1494.19,1508.35,1486.54,1494.06,90291
2026-03-31,1494.60,1505.84,1481.23,1493.84,235239
2026-04-01,1492.53,1505.44,1477.79,1481.37,234522
2026-04-02,1480.05,1492.27,1472.02,1479.58,112126
2026-04-03,1478.39,1482.76,1475.80,1479.35,289344
2026-04-06,1480.68,1483.58,1456.38,1466.73,104463
2026-04-07,1464.32,1476.53,1452.71,1456.18,177905
2026-04-08,1457.90,1475.19,1448.66,1463.02,109470
2026-04-09,1461.70,1473.80,1444.11,1457.04,73895
2026-04-10,1455.70,1469.08,1448.71,1465.25,234174
2026-04-13,1465.03,1478.24,1436.70,1450.48,113698
2026-04-14,1452.65,1459.49,1450.42,1451.07,275646
2026-04-15,1452.24,1456.47,1444.07,1447.29,185444
2026-04-16,1448.13,1448.18,1426.55,1437.95,283295
2026-04-17,1435.68,1450.81,1427.74,1449.89,291922
2026-04-20,1449.29,1465.44,1442.14,1458.07,85487
2026-04-21,1455.79,1465.93,1452.14,1459.82,150964
2026-04-22,1459.20,1467.27,1436.58,1449.65,69278
2026-04-23,1448.03,1458.27,1441.03,1442.20,61259
2026-04-24,1441.57,1447.05,1436.23,1446.92,192073
2026-04-27,1449.72,1464.12,1448.44,1463.70,259598
2026-04-28,1464.10,1472.15,1412.79,1421.05,546413
2026-04-29,1421.71,1431.65,1417.30,1421.61,280799
2026-04-30,1421.90,1428.26,1397.89,1407.72,149817
2026-05-01,1406.90,1419.40,1394.13,1395.56,240097
2026-05-04,1393.31,1398.90,1387.32,1391.73,199836
2026-05-05,1393.77,1406.86,1392.02,1400.64,108930
2026-05-06,1402.81,1408.72,1384.84,1388.14,237153
2026-05-07,1387.41,1406.35,1384.63,1392.99,186921
2026-05-08,1395.81,1401.09,1390.25,1390.27,224768
2026-05-11,1390.09,1414.47,1387.59,1400.67,70684
2026-05-12,1400.90,1412.90,1387.38,1407.46,116904
2026-05-13,1407.26,1410.55,1389.84,1396.82,189396
2026-05-14,1396.10,1404.13,1386.95,1394.43,65116
2026-05-15,1396.90,1408.44,1382.02,1382.81,193788
2026-05-18,1385.53,1386.24,1367.95,1374.72,98389
2026-05-19,1375.72,1378.09,1373.48,1374.82,66630
2026-05-20,1375.95,1399.00,1370.59,1390.31,155943
2026-05-21,1392.89,1400.60,1389.08,1396.58,238773
2026-05-22,1396.23,1409.06,1393.45,1400.60,315473
2026-05-25,1397.92,1400.78,1387.29,1389.38,207665
2026-05-26,1389.80,1397.93,1386.10,1388.26,283125
2026-05-27,1385.22,1402.47,1378.07,1389.67,71802
2026-05-28,1386.81,1397.66,1386.00,1395.08,223001
2026-05-29,1393.53,1414.76,1386.17,1400.98,63455
2026-06-01,1400.62,1406.97,1389.99,1394.81,95609
2026-06-02,1397.26,1410.07,1393.38,1401.02,217853
2026-06-03,1401.36,1417.32,1397.89,1414.22,115229
2026-06-04,1416.78,1424.33,1411.13,1422.27,154538
2026-06-05,1421.75,1438.28,1410.16,1432.66,209750
2026-06-08,1431.54,1449.36,1420.11,1441.25,205960
2026-06-09,1440.18,1464.70,1425.96,1456.43,281222
2026-06-10,1455.04,1465.31,1447.65,1451.89,173549
2026-06-11,1454.98,1464.56,1440.48,1452.60,213064
2026-06-12,1449.96,1453.23,1433.28,1445.66,74419
2026-06-15,1447.37,1463.55,1440.53,1452.51,212877
2026-06-16,1451.40,1454.74,1433.37,1441.26,109950
2026-06-17,1440.11,1462.18,1440.04,1452.15,115496
2026-06-18,1451.19,1475.44,1444.49,1466.05,311559
2026-06-19,1466.39,1479.90,1464.17,1468.74,149814
2026-06-22,1465.96,1473.89,1460.63,1463.16,151439
2026-06-23,1460.44,1469.32,1456.51,1461.74,208014
2026-06-24,1464.09,1477.44,1460.88,1477.41,305805
2026-06-25,1477.78,1486.45,1472.86,1481.46,192220
2026-06-26,1479.61,1507.21,1478.62,1492.76,318186
2026-06-29,1494.00,1501.08,1469.94,1481.55,82334
2026-06-30,1481.56,1493.30,1464.96,1474.34,80444
2026-07-01,1474.77,1475.32,1455.85,1464.27,251927
2026-07-02,1465.22,1473.80,1459.10,1460.89,268350
2026-07-03,1461.96,1471.64,1455.83,1458.96,76337
2026-07-06,1460.87,1468.40,1451.05,1463.76,74009
2026-07-07,1463.18,1468.15,1456.84,1465.87,222143
2026-07-08,1464.78,1478.35,1454.47,1472.94,133100
2026-07-09,1472.73,1484.44,1459.90,1470.39,194386
2026-07-10,1473.60,1478.49,1459.29,1477.11,69874
2026-07-13,1477.44,1485.24,1462.87,1466.28,74370
2026-07-14,1467.15,1475.95,1452.55,1465.11,155294
2026-07-15,1465.84,1485.61,1452.03,1478.44,156093
2026-07-16,1480.27,1483.14,1462.91,1471.10,222639
2026-07-17,1470.19,1471.86,1442.77,1448.38,578467
2026-07-20,1447.30,1460.42,1432.04,1433.34,272511
2026-07-21,1431.11,1449.86,1422.60,1446.70,209458
2026-07-22,1446.15,1451.64,1431.47,1439.21,68763
2026-07-23,1436.90,1450.61,1434.07,1445.72,165793
2026-07-24,1445.35,1450.55,1438.47,1450.34,184817
2026-07-27,1451.62,1467.14,1444.66,1462.19,150325
2026-07-28,1463.65,1481.01,1451.03,1475.45,268353
2026-07-29,1476.79,1507.01,1474.73,1493.39,232069
2026-07-30,1493.89,1516.05,1493.58,1506.60,137559
2026-07-31,1507.26,1527.50,1506.18,1521.72,176486
2026-08-03,1519.91,1531.52,1501.92,1516.58,184767
2026-08-04,1515.02,1515.55,1502.82,1506.67,315821
2026-08-05,1506.08,1532.05,1500.64,1518.68,137727
2026-08-06,1519.81,1524.52,1498.84,1511.11,97563
2026-08-07,1509.33,1531.19,1495.42,1525.31,301542
2026-08-10,1524.34,1549.50,1520.64,1537.40,281268
2026-08-11,1534.75,1544.98,1532.59,1537.17,267774
2026-08-12,1536.65,1546.15,1536.37,1537.05,132562
2026-08-13,1539.30,1554.55,1526.93,1544.54,196038
2026-08-14,1546.63,1556.60,1532.73,1538.65,132229
2026-08-17,1535.95,1553.37,1523.27,1543.12,189944
2026-08-18,1544.91,1565.99,1535.36,1561.79,313337
2026-08-19,1564.92,1579.27,1562.31,1570.31,208615
2026-08-20,1572.98,1596.29,1568.33,1588.40,61981
2026-08-21,1590.02,1605.39,1576.33,1587.93,291181
2026-08-24,1589.20,1590.74,1572.31,1579.73,92027
2026-08-25,1578.88,1600.30,1564.33,1589.95,217491
2026-08-26,1593.35,1623.02,1583.34,1610.97,285936
2026-08-27,1612.08,1612.43,1587.12,1597.87,263945
2026-08-28,1595.80,1602.03,1576.61,1579.50,138112
2026-08-31,1576.56,1598.55,1570.25,1585.66,195206
2026-09-01,1588.38,1599.20,1584.19,1598.97,240633
